time,sum_entries_exits
2010-04-17,1656766474.0
2010-04-18,1988477844.0
2010-04-19,1988856202.0
2010-04-20,1989613332.0
2010-04-21,2314461723.0
2010-04-22,1959404783.0
2010-04-23,1948870263.0
2010-04-24,276932628.0
2010-05-01,1620840014.0
2010-05-02,1930001702.0
2010-05-03,1954460295.0
2010-05-04,1943165802.0
2010-05-05,1979803861.0
2010-05-06,1971049954.0
2010-05-07,1974593156.0
2010-05-08,1972487190.0
2010-05-09,1972855277.0
2010-05-10,2051636438.0
2010-05-11,1882387419.0
2010-05-12,1980997399.0
2010-05-13,1988390697.0
2010-05-14,1997084476.0
2010-05-15,286328743.0
2010-05-22,1647358519.0
2010-05-23,2011553573.0
2010-05-24,1982077306.0
2010-05-25,2139820914.0
2010-05-26,2012293462.0
2010-05-27,1974014021.0
2010-05-28,1977704333.0
2010-05-29,1980926575.0
2010-05-30,2015846011.0
2010-05-31,1946227584.0
2010-06-01,1999477750.0
2010-06-02,1957096749.0
2010-06-03,1971224404.0
2010-06-04,1818767934.0
2010-06-05,1916962717.0
2010-06-06,2019719624.0
2010-06-07,2062554558.0
2010-06-08,1983617974.0
2010-06-09,2000796239.0
2010-06-10,1994494332.0
2010-06-11,1946233513.0
2010-06-12,1865413990.0
2010-06-13,2019949946.0
2010-06-14,2028079673.0
2010-06-15,2069886809.0
2010-06-16,1933883777.0
2010-06-17,2042941740.0
2010-06-18,2014944285.0
2010-06-19,2025740448.0
2010-06-20,1982464588.0
2010-06-21,1941203085.0
2010-06-22,1800150058.0
2010-06-23,1888954291.0
2010-06-24,2031515430.0
2010-06-25,2045357160.0
2010-06-26,1982536386.0
2010-06-27,2021670522.0
2010-06-28,2138188051.0
2010-06-29,2033623127.0
2010-06-30,1958541728.0
2010-07-01,2045476361.0
2010-07-02,2010973625.0
2010-07-03,2029266348.0
2010-07-04,2021887056.0
2010-07-05,2052879043.0
2010-07-06,2046691283.0
2010-07-07,2050578306.0
2010-07-08,2051285311.0
2010-07-09,2069575270.0
2010-07-10,2040248788.0
2010-07-11,1956669506.0
2010-07-12,1804944972.0
2010-07-13,2022885008.0
2010-07-14,1928193278.0
2010-07-15,1878929110.0
2010-07-16,1918215346.0
2010-07-17,2044342823.0
2010-07-18,2044673192.0
2010-07-19,2045011723.0
2010-07-20,1983618580.0
2010-07-21,2046436907.0
2010-07-22,2005310000.0
2010-07-23,1830137683.0
2010-07-24,1897759018.0
2010-07-25,2048762805.0
2010-07-26,1987202742.0
2010-07-27,2049761798.0
2010-07-28,1970022059.0
2010-07-29,2051249510.0
2010-07-30,1735660494.0
2010-07-31,1943266186.0
2010-08-01,2052891542.0
2010-08-02,2015170629.0
2010-08-03,2045042807.0
2010-08-04,1946945055.0
2010-08-05,2055311560.0
2010-08-06,1907549472.0
2010-08-07,2051278398.0
2010-08-08,2056881378.0
2010-08-09,2073019914.0
2010-08-10,1931133296.0
2010-08-11,2054775340.0
2010-08-12,2134860227.0
2010-08-13,1975876940.0
2010-08-14,2004774844.0
2010-08-15,2060812122.0
2010-08-16,2069496944.0
2010-08-17,2026427395.0
2010-08-18,2038419826.0
2010-08-19,2085749711.0
2010-08-20,1999036209.0
2010-08-21,2061111691.0
2010-08-22,1980192983.0
2010-08-23,2132072791.0
2010-08-24,2103913646.0
2010-08-25,1749176754.0
2010-08-26,2067186682.0
2010-08-27,2051591392.0
2010-08-28,2052177086.0
2010-08-29,2046771202.0
2010-08-30,2125760382.0
2010-08-31,1924164538.0
2010-09-01,2028355035.0
2010-09-02,2042473946.0
2010-09-03,2055774195.0
2010-09-04,1950496304.0
2010-09-05,2043851008.0
2010-09-06,2054010092.0
2010-09-07,1964142839.0
2010-09-08,1859734447.0
2010-09-09,1855012900.0
2010-09-10,2005753769.0
2010-09-11,2059996550.0
2010-09-12,2060367371.0
2010-09-13,2157503484.0
2010-09-14,2112038867.0
2010-09-15,2074327178.0
2010-09-16,2014280019.0
2010-09-17,2030236591.0
2010-09-18,2045929254.0
2010-09-19,2064948864.0
2010-09-20,2118639250.0
2010-09-21,1944905540.0
2010-09-22,2066965525.0
2010-09-23,2067811498.0
2010-09-24,2068655206.0
2010-09-25,1870181744.0
2010-09-26,1955422172.0
2010-09-27,2119562324.0
2010-09-28,2018369236.0
2010-09-29,1781239460.0
2010-09-30,1985517184.0
2010-10-01,1977359567.0
2010-10-02,2030191086.0
2010-10-03,2041589967.0
2010-10-04,2069791282.0
2010-10-05,2118676934.0
2010-10-06,2061265481.0
2010-10-07,2036796885.0
2010-10-08,1793750424.0
2010-10-09,1969922902.0
2010-10-10,2058949763.0
2010-10-11,2135503567.0
2010-10-12,2023817786.0
2010-10-13,2008502677.0
2010-10-14,1977462930.0
2010-10-15,2090553871.0
2010-10-16,2063030321.0
2010-10-17,2038596489.0
2010-10-18,2239401704.0
2010-10-19,2118063234.0
2010-10-20,1871942058.0
2010-10-21,1989451197.0
2010-10-22,2115452663.0
2010-10-23,2067731464.0
2010-10-24,2068095700.0
2010-10-25,1915944708.0
2010-10-26,2035496814.0
2010-10-27,2023280805.0
2010-10-28,2025050448.0
2010-10-29,2071737457.0
2010-10-30,2072443395.0
2010-10-31,2056593401.0
2010-11-01,2109484301.0
2010-11-02,2018324025.0
2010-11-03,2088959573.0
2010-11-04,2082219668.0
2010-11-05,1836826397.0
2010-11-06,2002135276.0
2010-11-07,1972728325.0
2010-11-08,2114217278.0
2010-11-09,2031974306.0
2010-11-10,2125474835.0
2010-11-11,2077239011.0
2010-11-12,2078034422.0
2010-11-13,2081868410.0
2010-11-14,2082285066.0
2010-11-15,2159723682.0
2010-11-16,2205501448.0
2010-11-17,2084257568.0
2010-11-18,2020263194.0
2010-11-19,1887533469.0
2010-11-20,1971599772.0
2010-11-21,2076486125.0
2010-11-22,2031875898.0
2010-11-23,2086334277.0
2010-11-24,2135829014.0
2010-11-25,2106523519.0
2010-11-26,2089818937.0
2010-11-27,2048453786.0
2010-11-28,2102110535.0
2010-11-29,1833719575.0
2010-11-30,1941703051.0
2010-12-01,2032467483.0
2010-12-02,2009078398.0
2010-12-03,1977563025.0
2010-12-04,2114741960.0
2010-12-05,2095381506.0
2010-12-06,2186551890.0
2010-12-07,2078931125.0
2010-12-08,2023424814.0
2010-12-09,2260328831.0
2010-12-10,2093785508.0
2010-12-11,2086645506.0
2010-12-12,1921803852.0
2010-12-13,1949800089.0
2010-12-14,2033395071.0
2010-12-15,2150401502.0
2010-12-16,2176108669.0
2010-12-17,2136396347.0
2010-12-18,2037536211.0
2010-12-19,2105678594.0
2010-12-20,2168291600.0
2010-12-21,2169150217.0
2010-12-22,2106641446.0
2010-12-23,2233770110.0
2010-12-24,2107849818.0
2010-12-25,2108107166.0
2010-12-26,2108239391.0
2010-12-27,2132840754.0
2010-12-28,2322207013.0
2010-12-29,2125423091.0
2010-12-30,1836526466.0
2010-12-31,2147839008.0
2011-01-01,2110830473.0
2011-01-02,2049095727.0
2011-01-03,2123448734.0
2011-01-04,2123739020.0
2011-01-05,2036612938.0
2011-01-06,2002703107.0
2011-01-07,2147115471.0
2011-01-08,2114820273.0
2011-01-09,2088739325.0
2011-01-10,2182274997.0
2011-01-11,2129067087.0
2011-01-12,2005242658.0
2011-01-13,2034239745.0
2011-01-14,2074104919.0
2011-01-15,2020997207.0
2011-01-16,2087699095.0
2011-01-17,2183950199.0
2011-01-18,2274037692.0
2011-01-19,2118522609.0
2011-01-20,2040812535.0
2011-01-21,2111255716.0
2011-01-22,2122923864.0
2011-01-23,2051233192.0
2011-01-24,2175958747.0
2011-01-25,2429207111.0
2011-01-26,2156078199.0
2011-01-27,1793111500.0
2011-01-28,1897523148.0
2011-01-29,2125923258.0
2011-01-30,2127290185.0
2011-01-31,2249658503.0
2011-02-01,2414951127.0
2011-02-02,2259716805.0
2011-02-03,1988789418.0
2011-02-04,1914287149.0
2011-02-05,1932410247.0
2011-02-06,2116785285.0
2011-02-07,2143655001.0
2011-02-08,2227851271.0
2011-02-09,2114749481.0
2011-02-10,1934413768.0
2011-02-11,2249154958.0
2011-02-12,2136232349.0
2011-02-13,2136620546.0
2011-02-14,2475768826.0
2011-02-15,2247406525.0
2011-02-16,2038431099.0
2011-02-17,2073110684.0
2011-02-18,2122846580.0
2011-02-19,2140896335.0
2011-02-20,2080285804.0
2011-02-21,2093990553.0
2011-02-22,2265141891.0
2011-02-23,2095861344.0
2011-02-24,2027489598.0
2011-02-25,2160985000.0
2011-02-26,2144869076.0
2011-02-27,2145239547.0
2011-02-28,2170200468.0
2011-03-01,2433559313.0
2011-03-02,2195493365.0
2011-03-03,1947573885.0
2011-03-04,2115905262.0
2011-03-05,2105521586.0
2011-03-06,2149869377.0
2011-03-07,2140815919.0
2011-03-08,1979197636.0
2011-03-09,2076899506.0
2011-03-10,2119516467.0
2011-03-11,2216483097.0
2011-03-12,2154130647.0
2011-03-13,2178901235.0
2011-03-14,2118058414.0
2011-03-15,2144927860.0
2011-03-16,2156451509.0
2011-03-17,2050834883.0
2011-03-18,2171772031.0
2011-03-19,2150260156.0
2011-03-20,2159221924.0
2011-03-21,2054267011.0
2011-03-22,2138742840.0
2011-03-23,2101804972.0
2011-03-24,2106006013.0
2011-03-25,2131822194.0
2011-03-26,2142648093.0
2011-03-27,2138431123.0
2011-03-28,2006032558.0
2011-03-29,1670554228.0
2011-03-30,2137181637.0
2011-03-31,2184337133.0
2011-04-01,2167585526.0
2011-04-02,2168282422.0
2011-04-03,2168688684.0
2011-04-04,2279061912.0
2011-04-05,1935805955.0
2011-04-06,2120507852.0
2011-04-07,2125049380.0
2011-04-08,2155682368.0
2011-04-09,2131951320.0
2011-04-10,2104601965.0
2011-04-11,2241321720.0
2011-04-12,2052933835.0
2011-04-13,2107426748.0
2011-04-14,2182689916.0
2011-04-15,2154676944.0
2011-04-16,2166517152.0
2011-04-17,2177982877.0
2011-04-18,2443798780.0
2011-04-19,1876710273.0
2011-04-20,2057249438.0
2011-04-21,2075453359.0
2011-04-22,2091100633.0
2011-04-23,2052236968.0
2011-04-24,2052548140.0
2011-04-25,2067041319.0
2011-04-26,2133994247.0
2011-04-27,2166974991.0
2011-04-28,2160122030.0
2011-04-29,2887450004.0
2011-04-30,2126568427.0
2011-05-01,2114609684.0
2011-05-02,2435493028.0
2011-05-03,2057720725.0
2011-05-04,2025104086.0
2011-05-05,2086865250.0
2011-05-06,2203879329.0
2011-05-07,2190749941.0
2011-05-08,2191151805.0
2011-05-09,2155320494.0
2011-05-10,2106127638.0
2011-05-11,2193099896.0
2011-05-12,2164301685.0
2011-05-13,2157130503.0
2011-05-14,2150266784.0
2011-05-15,2195795533.0
2011-05-16,2145558982.0
2011-05-17,2144191462.0
2011-05-18,2118228784.0
2011-05-19,2206344006.0
2011-05-20,2199387817.0
2011-05-21,2200083737.0
2011-05-22,2200463099.0
2011-05-23,2325888669.0
2011-05-24,2160052390.0
2011-05-25,2111051534.0
2011-05-26,2092496750.0
2011-05-27,2184513118.0
2011-05-28,2196878344.0
2011-05-29,2188157543.0
2011-05-30,2208277646.0
2011-05-31,2455102078.0
2011-06-01,2163532492.0
2011-06-02,2175122121.0
2011-06-03,2152835100.0
2011-06-04,2174007356.0
2011-06-05,2212887359.0
2011-06-06,2215902020.0
2011-06-07,2171193598.0
2011-06-08,2178918876.0
2011-06-09,2211118089.0
2011-06-10,2179482461.0
2011-06-11,2212801363.0
2011-06-12,2213215836.0
2011-06-13,2370788692.0
2011-06-14,2137603935.0
2011-06-15,2203525636.0
2011-06-16,2227661168.0
2011-06-17,2082296439.0
2011-06-18,2123561750.0
2011-06-19,2217711613.0
2011-06-20,2238587634.0
2011-06-21,2189814876.0
2011-06-22,2214817741.0
2011-06-23,2264172364.0
2011-06-24,2262994994.0
2011-06-25,2221762564.0
2011-06-26,2222172368.0
2011-06-27,2183175929.0
2011-06-28,2363663947.0
2011-06-29,2396455610.0
2011-06-30,2253514462.0
2011-07-01,2495895479.0
2011-07-02,2191650419.0
2011-07-03,2226436717.0
2011-07-04,2226674253.0
2011-07-05,2174020265.0
2011-07-06,2227787466.0
2011-07-07,2173295001.0
2011-07-08,2200806545.0
2011-07-09,2171966504.0
2011-07-10,2251134609.0
2011-07-11,2418115071.0
2011-07-12,2324200824.0
2011-07-13,2152958338.0
2011-07-14,2050683090.0
2011-07-15,2205324807.0
2011-07-16,2234156602.0
2011-07-17,2234508826.0
2011-07-18,2183546531.0
2011-07-19,2261720144.0
2011-07-20,2288710277.0
2011-07-21,2171835123.0
2011-07-22,2169003841.0
2011-07-23,2229723910.0
2011-07-24,2238704705.0
2011-07-25,2307825868.0
2011-07-26,2265846364.0
2011-07-27,2343225865.0
2011-07-28,2244628568.0
2011-07-29,2259432448.0
2011-07-30,2242600402.0
2011-07-31,2189366878.0
2011-08-01,2113325706.0
2011-08-02,2007485722.0
2011-08-03,2123441944.0
2011-08-04,2216180913.0
2011-08-05,2279509694.0
2011-08-06,2239584531.0
2011-08-07,2247090632.0
2011-08-08,2240214401.0
2011-08-09,2248087380.0
2011-08-10,2241582958.0
2011-08-11,2249506839.0
2011-08-12,2191273697.0
2011-08-13,2250796246.0
2011-08-14,2330633793.0
2011-08-15,2338007863.0
2011-08-16,2241964057.0
2011-08-17,2279622065.0
2011-08-18,2308053721.0
2011-08-19,2212444816.0
2011-08-20,2254629672.0
2011-08-21,2184120668.0
2011-08-22,2230303056.0
2011-08-23,2053567314.0
2011-08-24,2135205845.0
2011-08-25,2084639909.0
2011-08-26,2180053765.0
2011-08-27,2258344631.0
2011-08-28,2258385593.0
2011-08-29,2225631304.0
2011-08-30,2232119569.0
2011-08-31,2162121994.0
2011-09-01,2223857272.0
2011-09-02,2331030799.0
2011-09-03,2197138850.0
2011-09-04,2262022917.0
2011-09-05,2296163279.0
2011-09-06,2302386700.0
2011-09-07,2263407799.0
2011-09-08,2301933822.0
2011-09-09,2265077657.0
2011-09-10,2265794498.0
2011-09-11,2266174857.0
2011-09-12,2251571822.0
2011-09-13,2219976261.0
2011-09-14,2227469394.0
2011-09-15,2090327614.0
2011-09-16,2093110980.0
2011-09-17,2068905616.0
2011-09-18,2250060213.0
2011-09-19,2246653724.0
2011-09-20,2234439711.0
2011-09-21,2244845409.0
2011-09-22,2274023408.0
2011-09-23,2276315861.0
2011-09-24,2259349708.0
2011-09-25,2176706582.0
2011-09-26,2310636401.0
2011-09-27,2153863071.0
2011-09-28,2186717258.0
2011-09-29,2278730625.0
2011-09-30,2245962189.0
2011-10-01,2236771355.0
2011-10-02,2280376578.0
2011-10-03,2199856059.0
2011-10-04,2098202614.0
2011-10-05,2249959556.0
2011-10-06,2224799343.0
2011-10-07,2212449196.0
2011-10-08,2283182607.0
2011-10-09,2121902116.0
2011-10-10,2059088121.0
2011-10-11,2058058097.0
2011-10-12,2078519790.0
2011-10-13,2173241280.0
2011-10-14,2174081802.0
2011-10-15,2192555834.0
2011-10-16,2175166912.0
2011-10-17,2184636424.0
2011-10-18,2156385924.0
2011-10-19,2118141550.0
2011-10-20,2206446420.0
2011-10-21,2253358277.0
2011-10-22,2157867955.0
2011-10-23,2180032779.0
2011-10-24,2195608122.0
2011-10-25,2181177302.0
2011-10-26,2160423278.0
2011-10-27,2087693508.0
2011-10-28,1955306646.0
2011-10-29,2122171850.0
2011-10-30,2110316591.0
2011-10-31,2073871671.0
2011-11-01,2088626232.0
2011-11-02,2168466500.0
2011-11-03,2187720030.0
2011-11-04,2210434341.0
2011-11-05,2081089777.0
2011-11-06,1891594349.0
2011-11-07,2240829327.0
2011-11-08,2207740379.0
2011-11-09,2003819695.0
2011-11-10,2113895354.0
2011-11-11,2065921768.0
2011-11-12,2177689214.0
2011-11-13,2153930563.0
2011-11-14,2211373806.0
2011-11-15,2299497445.0
2011-11-16,2129644017.0
2011-11-17,2178538782.0
2011-11-18,2207361515.0
2011-11-19,2198944573.0
2011-11-20,2199360449.0
2011-11-21,2297796201.0
2011-11-22,2210140967.0
2011-11-23,2236502464.0
2011-11-24,2061067356.0
2011-11-25,2098250389.0
2011-11-26,2139342678.0
2011-11-27,2202912928.0
2011-11-28,2325246752.0
2011-11-29,2218943820.0
2011-11-30,2129822360.0
2011-12-01,2122473443.0
2011-12-02,2213247518.0
2011-12-03,2207199329.0
2011-12-04,2207649862.0
2011-12-05,2303139792.0
2011-12-06,2156184767.0
2011-12-07,2194163754.0
2011-12-08,2198086078.0
2011-12-09,2099984763.0
2011-12-10,2174121659.0
2011-12-11,2212613301.0
2011-12-12,2478811964.0
2011-12-13,2165650151.0
2011-12-14,2232063963.0
2011-12-15,2217119688.0
2011-12-16,2008134526.0
2011-12-17,2078141938.0
2011-12-18,2192707824.0
2011-12-19,2258672755.0
2011-12-20,2230414173.0
2011-12-21,2187937406.0
2011-12-22,2183389538.0
2011-12-23,2218405036.0
2011-12-24,2184871514.0
2011-12-25,2107196879.0
2011-12-26,1763069223.0
2011-12-27,2320626213.0
2011-12-28,2195535678.0
2011-12-29,2154858418.0
2011-12-30,2276285701.0
2011-12-31,2223787364.0
2012-01-01,2224473173.0
2012-01-02,2306703542.0
2012-01-03,2227116263.0
2012-01-04,2284885295.0
2012-01-05,2322589913.0
2012-01-06,2223091254.0
2012-01-07,2223736867.0
2012-01-08,2228201373.0
2012-01-09,2306351549.0
2012-01-10,2318141093.0
2012-01-11,2176457836.0
2012-01-12,2118583236.0
2012-01-13,2148715937.0
2012-01-14,2112295291.0
2012-01-15,2020933804.0
2012-01-16,2066782187.0
2012-01-17,2393355735.0
2012-01-18,2229574607.0
2012-01-19,2158639139.0
2012-01-20,2183483276.0
2012-01-21,2139073262.0
2012-01-22,2180795451.0
2012-01-23,2349826596.0
2012-01-24,2204838925.0
2012-01-25,2279046285.0
2012-01-26,2139624079.0
2012-01-27,2145025544.0
2012-01-28,2184638099.0
2012-01-29,2184994649.0
2012-01-30,2254271552.0
2012-01-31,2229000482.0
2012-02-01,2053159286.0
2012-02-02,2178879262.0
2012-02-03,2210219575.0
2012-02-04,2145452276.0
2012-02-05,2134894590.0
2012-02-06,2352268520.0
2012-02-07,2199189437.0
2012-02-08,2221999368.0
2012-02-09,2176776146.0
2012-02-10,2167506702.0
2012-02-11,1967833226.0
2012-02-12,2039366783.0
2012-02-13,2223196498.0
2012-02-14,2192951770.0
2012-02-15,2218408306.0
2012-02-16,2178019847.0
2012-02-17,2147952723.0
2012-02-18,2156468922.0
2012-02-19,2161755853.0
2012-02-20,2199133444.0
2012-02-21,2296651458.0
2012-02-22,2349709413.0
2012-02-23,2260359740.0
2012-02-24,2206525378.0
2012-02-25,2049525338.0
2012-02-26,2037617828.0
2012-02-27,2160908275.0
2012-02-28,2219104258.0
2012-02-29,2245926486.0
2012-03-01,2232911276.0
2012-03-02,2149302964.0
2012-03-03,2158962981.0
2012-03-04,2016069087.0
2012-03-05,2357858760.0
2012-03-06,2153652251.0
2012-03-07,2263101654.0
2012-03-08,2087279932.0
2012-03-09,2318550544.0
2012-03-10,2121761902.0
2012-03-11,2162319235.0
2012-03-12,2170748607.0
2012-03-13,2084692473.0
2012-03-14,2152325652.0
2012-03-15,2177899951.0
2012-03-16,2231839529.0
2012-03-17,2190830753.0
2012-03-18,2180097540.0
2012-03-19,2186292550.0
2012-03-20,2232941684.0
2012-03-21,2252174719.0
2012-03-22,2148413628.0
2012-03-23,2153239143.0
2012-03-24,2170217703.0
2012-03-25,2170629442.0
2012-03-26,2008574059.0
2012-03-27,2021348244.0
2012-03-28,2112246526.0
2012-03-29,2087257225.0
2012-03-30,2287420714.0
2012-03-31,2141916938.0
2012-04-01,2175277922.0
2012-04-02,2260215125.0
2012-04-03,2194712687.0
2012-04-04,2232329827.0
2012-04-05,2163087745.0
2012-04-06,2196268920.0
2012-04-07,2179413767.0
2012-04-08,2077813472.0
2012-04-09,2175851391.0
2012-04-10,2199255677.0
2012-04-11,2181444690.0
2012-04-12,2182145746.0
2012-04-13,2205801289.0
2012-04-14,2183500289.0
2012-04-15,2183852432.0
2012-04-16,2364332236.0
2012-04-17,2246001620.0
2012-04-18,2175950817.0
2012-04-19,1958507578.0
2012-04-20,2144509237.0
2012-04-21,2188090296.0
2012-04-22,2188507593.0
2012-04-23,2177213413.0
2012-04-24,2208244342.0
2012-04-25,2228385772.0
2012-04-26,2098337048.0
2012-04-27,2192108911.0
2012-04-28,2151495574.0
2012-04-29,2193249479.0
2012-04-30,2193651881.0
2012-05-01,2194422964.0
2012-05-02,2195237599.0
2012-05-03,2196058489.0
2012-05-04,2169343098.0
2012-05-05,2197588743.0
2012-05-06,2198010536.0
2012-05-07,2289766986.0
2012-05-08,2274232163.0
2012-05-09,2275092982.0
2012-05-10,2238370324.0
2012-05-11,2201656818.0
2012-05-12,1881240298.0
2012-05-13,2197988147.0
2012-05-14,2289014454.0
2012-05-15,2203829015.0
2012-05-16,2204658624.0
2012-05-17,2205459672.0
2012-05-18,2206292192.0
2012-05-19,2207016412.0
2012-05-20,2207461145.0
2012-05-21,2207882541.0
2012-05-22,2208619701.0
2012-05-23,2209421830.0
2012-05-24,2210207694.0
2012-05-25,2210970521.0
2012-05-26,2211578901.0
2012-05-27,2110198540.0
2012-05-28,2212171329.0
2012-05-29,2389730704.0
2012-05-30,2271498290.0
2012-05-31,2199329036.0
2012-06-01,2214779805.0
2012-06-02,2215445197.0
2012-06-03,2215830054.0
2012-06-04,2216233173.0
2012-06-05,2216979086.0
2012-06-06,2217784302.0
2012-06-07,2291706384.0
2012-06-08,2219390220.0
2012-06-09,2220073939.0
2012-06-10,2220500255.0
2012-06-11,2220926745.0
2012-06-12,2299941362.0
2012-06-13,2222444366.0
2012-06-14,1912300638.0
2012-06-15,2254808657.0
2012-06-16,2224653374.0
2012-06-17,2225011054.0
2012-06-18,2383345104.0
2012-06-19,2226098236.0
2012-06-20,2226877310.0
2012-06-21,2399910096.0
2012-06-22,2542251049.0
2012-06-23,2191260148.0
2012-06-24,2229495636.0
2012-06-25,2229933730.0
2012-06-26,2230642965.0
2012-06-27,2231414135.0
2012-06-28,2226565377.0
2012-06-29,2228112206.0
2012-06-30,2233606439.0
2012-07-01,2233966574.0
2012-07-02,2234329252.0
2012-07-03,2557219419.0
2012-07-04,2235638334.0
2012-07-05,2264518119.0
2012-07-06,2214174088.0
2012-07-07,2197404917.0
2012-07-08,2197728910.0
2012-07-09,2292072295.0
2012-07-10,2376075287.0
2012-07-11,2239452894.0
2012-07-12,2227993536.0
2012-07-13,2232029708.0
2012-07-14,2223717960.0
2012-07-15,2241948887.0
2012-07-16,2242328760.0
2012-07-17,2243052581.0
2012-07-18,2243821450.0
2012-07-19,2293099134.0
2012-07-20,2245321783.0
2012-07-21,2245944979.0
2012-07-22,2246318314.0
2012-07-23,2246704865.0
2012-07-24,2247418491.0
2012-07-25,2248197506.0
2012-07-26,2248983629.0
2012-07-27,2298220919.0
2012-07-28,2230912127.0
2012-07-29,2250734144.0
2012-07-30,2259936582.0
2012-07-31,2445246808.0
2012-08-01,2261403941.0
2012-08-02,2253283981.0
2012-08-03,2293784559.0
2012-08-04,2254653042.0
2012-08-05,2255016105.0
2012-08-06,2255385382.0
2012-08-07,2271713528.0
2012-08-08,2256808875.0
2012-08-09,2254319832.0
2012-08-10,2258273346.0
2012-08-11,2258863259.0
2012-08-12,2259224549.0
2012-08-13,2259596378.0
2012-08-14,2232222834.0
2012-08-15,2260986374.0
2012-08-16,2261693563.0
2012-08-17,2262404032.0
2012-08-18,2262998271.0
2012-08-19,2263343652.0
2012-08-20,2263689390.0
2012-08-21,2264316911.0
2012-08-22,2265006847.0
2012-08-23,2345015423.0
2012-08-24,2266363754.0
2012-08-25,2266948486.0
2012-08-26,2267301577.0
2012-08-27,2267677453.0
2012-08-28,2268380413.0
2012-08-29,2269146862.0
2012-08-30,2269900172.0
2012-08-31,2270646408.0
2012-09-01,2209724070.0
2012-09-02,2271575518.0
2012-09-03,2271860360.0
2012-09-04,1997112985.0
2012-09-05,2313273342.0
2012-09-06,2273000482.0
2012-09-07,2188916468.0
2012-09-08,2273816340.0
2012-09-09,2275787860.0
2012-09-10,2276230807.0
2012-09-11,2277047599.0
2012-09-12,2277908601.0
2012-09-13,2263774069.0
2012-09-14,2279627677.0
2012-09-15,2280351751.0
2012-09-16,2280781193.0
2012-09-17,2281165908.0
2012-09-18,2281805702.0
2012-09-19,2282530445.0
2012-09-20,2283385561.0
2012-09-21,2340713117.0
2012-09-22,2300839070.0
2012-09-23,2279710149.0
2012-09-24,2285868379.0
2012-09-25,2295994700.0
2012-09-26,2326777150.0
2012-09-27,2288167711.0
2012-09-28,2289043954.0
2012-09-29,2289770398.0
2012-09-30,2290197225.0
2012-10-01,2290603480.0
2012-10-02,2715165590.0
2012-10-03,2358637781.0
2012-10-04,2333996928.0
2012-10-05,2293990236.0
2012-10-06,2294728793.0
2012-10-07,2295168880.0
2012-10-08,2127693919.0
2012-10-09,2280232789.0
2012-10-10,2341462228.0
2012-10-11,2378021436.0
2012-10-12,2287359381.0
2012-10-13,1809635330.0
2012-10-14,2299943750.0
2012-10-15,2300370748.0
2012-10-16,2301186508.0
2012-10-17,2351704016.0
2012-10-18,2302900599.0
2012-10-19,2297982813.0
2012-10-20,2247306118.0
2012-10-21,2304960436.0
2012-10-22,2321393583.0
2012-10-23,2563049714.0
2012-10-24,2547937566.0
2012-10-25,2395054919.0
2012-10-26,2308738240.0
2012-10-27,2309464346.0
2012-10-28,2309920394.0
2012-10-29,2310106756.0
2012-10-30,229737707.0
2012-11-03,2041125126.0
2012-11-04,2310195882.0
2012-11-05,2288453265.0
2012-11-06,2245175679.0
2012-11-07,2245902220.0
2012-11-08,2293004625.0
2012-11-09,2169380940.0
2012-11-10,2269406675.0
2012-11-11,2269842525.0
2012-11-12,2270237137.0
2012-11-13,2353975784.0
2012-11-14,2271824954.0
2012-11-15,2262141372.0
2012-11-16,2313481756.0
2012-11-17,2274281377.0
2012-11-18,2274708975.0
2012-11-19,2275118093.0
2012-11-20,2275918860.0
2012-11-21,2276768191.0
2012-11-22,2277432199.0
2012-11-23,2277651062.0
2012-11-24,2023217783.0
2012-11-25,2278341407.0
2012-11-26,2278693305.0
2012-11-27,1854518483.0
2012-11-28,2237034403.0
2012-11-29,2111018422.0
2012-11-30,2322090663.0
2012-12-01,2282733330.0
2012-12-02,2283185990.0
2012-12-03,2276200217.0
2012-12-04,2324552671.0
2012-12-05,2316699712.0
2012-12-06,2326284940.0
2012-12-07,2374831759.0
2012-12-08,2287733123.0
2012-12-09,2288212374.0
2012-12-10,2288638258.0
2012-12-11,2377366952.0
2012-12-12,2290281088.0
2012-12-13,2285478223.0
2012-12-14,2291994555.0
2012-12-15,2795734327.0
2012-12-16,2293259744.0
2012-12-17,2335812965.0
2012-12-18,2294443370.0
2012-12-19,2553986718.0
2012-12-20,2425480049.0
2012-12-21,2319013116.0
2012-12-22,2297415462.0
2012-12-23,2297764357.0
2012-12-24,2390711087.0
2012-12-25,2298348329.0
2012-12-26,2592846215.0
2012-12-27,2349390793.0
2012-12-28,2299486613.0
2012-12-29,2300010590.0
2012-12-30,2300338444.0
2012-12-31,2300676938.0
2013-01-01,2301125243.0
2013-01-02,2301434245.0
2013-01-03,2291332451.0
2013-01-04,2238189774.0
2013-01-05,2238842795.0
2013-01-06,2239225704.0
2013-01-07,2259873845.0
2013-01-08,2240278956.0
2013-01-09,2241025502.0
2013-01-10,2241757324.0
2013-01-11,2242519548.0
2013-01-12,2243209889.0
2013-01-13,2198144815.0
2013-01-14,2243948440.0
2013-01-15,2332494852.0
2013-01-16,2432553520.0
2013-01-17,2230318922.0
2013-01-18,2246882337.0
2013-01-19,2247552631.0
2013-01-20,2247939245.0
2013-01-21,2248256741.0
2013-01-22,2279541616.0
2013-01-23,2297774018.0
2013-01-24,2250194029.0
2013-01-25,2246110866.0
2013-01-26,2222641262.0
2013-01-27,2223049799.0
2013-01-28,2225635166.0
2013-01-29,2224205628.0
2013-01-30,2225054940.0
2013-01-31,2225889209.0
2013-02-01,2226756144.0
2013-02-02,2140999302.0
2013-02-03,2228008973.0
2013-02-04,2228398512.0
2013-02-05,2311053465.0
2013-02-06,2230030815.0
2013-02-07,2241305625.0
2013-02-08,2231737672.0
2013-02-09,2058848684.0
2013-02-10,2232664948.0
2013-02-11,2233052605.0
2013-02-12,2233827143.0
2013-02-13,2234608198.0
2013-02-14,2235460688.0
2013-02-15,2357063983.0
2013-02-16,2237031193.0
2013-02-17,2204062140.0
2013-02-18,2094500134.0
2013-02-19,2079646804.0
2013-02-20,2120722136.0
2013-02-21,2080827952.0
2013-02-22,2162765370.0
2013-02-23,2039945374.0
2013-02-24,2018917033.0
2013-02-25,2108470426.0
2013-02-26,2109274712.0
2013-02-27,2020910881.0
2013-02-28,2131548834.0
2013-03-01,2081976332.0
2013-03-02,2017595100.0
2013-03-03,2119023371.0
2013-03-04,2113339078.0
2013-03-05,1937600773.0
2013-03-06,2025764273.0
2013-03-07,2026545914.0
2013-03-08,2027434371.0
2013-03-09,2028137926.0
2013-03-10,2028613223.0
2013-03-11,2022015790.0
2013-03-12,2042804408.0
2013-03-13,2231216280.0
2013-03-14,2326976549.0
2013-03-15,2238216426.0
2013-03-16,2238946970.0
2013-03-17,2239387226.0
2013-03-18,2269718035.0
2013-03-19,2240579381.0
2013-03-20,2241392548.0
2013-03-21,2282362272.0
2013-03-22,2224451351.0
2013-03-23,2232481241.0
2013-03-24,2244182636.0
2013-03-25,2244563824.0
2013-03-26,2325181575.0
2013-03-27,2245900623.0
2013-03-28,2382703328.0
2013-03-29,2247344464.0
2013-03-30,2247939626.0
2013-03-31,2248329058.0
2013-04-01,2248665441.0
2013-04-02,2518910304.0
2013-04-03,2339970089.0
2013-04-04,2283735626.0
2013-04-05,2142662958.0
2013-04-06,2252522901.0
2013-04-07,2164777782.0
2013-04-08,2343235070.0
2013-04-09,2254075550.0
2013-04-10,2254902106.0
2013-04-11,2204545054.0
2013-04-12,2256585836.0
2013-04-13,2257280610.0
2013-04-14,2257640256.0
2013-04-15,2682117687.0
2013-04-16,2258793310.0
2013-04-17,2439867558.0
2013-04-18,2390167159.0
2013-04-19,2261321695.0
2013-04-20,2262029405.0
2013-04-21,2262395680.0
2013-04-22,2280175574.0
2013-04-23,2263573248.0
2013-04-24,2264416850.0
2013-04-25,2254407765.0
2013-04-26,2078763245.0
2013-04-27,2145544009.0
2013-04-28,2145920197.0
2013-04-29,2186092335.0
2013-04-30,2167305720.0
2013-05-01,2269223793.0
2013-05-02,2270052183.0
2013-05-03,2317628363.0
2013-05-04,2271618539.0
2013-05-05,2272053492.0
2013-05-06,2272468589.0
2013-05-07,2315390923.0
2013-05-08,2264941081.0
2013-05-09,2286154907.0
2013-05-10,2271083407.0
2013-05-11,2276497095.0
2013-05-12,2276811150.0
2013-05-13,2277148648.0
2013-05-14,2277943458.0
2013-05-15,2248119569.0
2013-05-16,2279594151.0
2013-05-17,2280698244.0
2013-05-18,2281136192.0
2013-05-19,2281494531.0
2013-05-20,2281849341.0
2013-05-21,2282638688.0
2013-05-22,2283485712.0
2013-05-23,2284317023.0
2013-05-24,2038499671.0
2013-05-25,2205113487.0
2013-05-26,1928507291.0
2013-05-27,2286330712.0
2013-05-28,2286681915.0
2013-05-29,2287447830.0
2013-05-30,2297782391.0
2013-05-31,2420133417.0
2013-06-01,2082447172.0
2013-06-02,2285346308.0
2013-06-03,2295298939.0
2013-06-04,2281761736.0
2013-06-05,2402101782.0
2013-06-06,2269303410.0
2013-06-07,2279307783.0
2013-06-08,2289582005.0
2013-06-09,2289967787.0
2013-06-10,2290407886.0
2013-06-11,2291171892.0
2013-06-12,2303485288.0
2013-06-13,2292785158.0
2013-06-14,2293590043.0
2013-06-15,2294272940.0
2013-06-16,2294644728.0
2013-06-17,2290283474.0
2013-06-18,2295752520.0
2013-06-19,2296541785.0
2013-06-20,2297354176.0
2013-06-21,2298159809.0
2013-06-22,2298836595.0
2013-06-23,2299218531.0
2013-06-24,2431026665.0
2013-06-25,2300343698.0
2013-06-26,2358860696.0
2013-06-27,2301909070.0
2013-06-28,2302706164.0
2013-06-29,2303372048.0
2013-06-30,2303784793.0
2013-07-01,2297040693.0
2013-07-02,2304926276.0
2013-07-03,3035239718.0
2013-07-04,2306277460.0
2013-07-05,2489623628.0
2013-07-06,2305351284.0
2013-07-07,2307441540.0
2013-07-08,2399283897.0
2013-07-09,2308514339.0
2013-07-10,2400803719.0
2013-07-11,2401611618.0
2013-07-12,2219256008.0
2013-07-13,2290915824.0
2013-07-14,2311847368.0
2013-07-15,2312231993.0
2013-07-16,2282892198.0
2013-07-17,2371135873.0
2013-07-18,2314491247.0
2013-07-19,2315251374.0
2013-07-20,2315865698.0
2013-07-21,2316206257.0
2013-07-22,2316570139.0
2013-07-23,2317281628.0
2013-07-24,2293885042.0
2013-07-25,2318815356.0
2013-07-26,2384090962.0
2013-07-27,2320221483.0
2013-07-28,2320587939.0
2013-07-29,2332874615.0
2013-07-30,2321675718.0
2013-07-31,2322426114.0
2013-08-01,2323201198.0
2013-08-02,2323954457.0
2013-08-03,2324580313.0
2013-08-04,2324927336.0
2013-08-05,2325293126.0
2013-08-06,2325987311.0
2013-08-07,2326719883.0
2013-08-08,2327469953.0
2013-08-09,2328212340.0
2013-08-10,2328825625.0
2013-08-11,2329194878.0
2013-08-12,2353627134.0
2013-08-13,2330244745.0
2013-08-14,2330945363.0
2013-08-15,2331685643.0
2013-08-16,2528734810.0
2013-08-17,2333016455.0
2013-08-18,2333326020.0
2013-08-19,2333634200.0
2013-08-20,2334259643.0
2013-08-21,2347030237.0
2013-08-22,2427837769.0
2013-08-23,2330286587.0
2013-08-24,2336330490.0
2013-08-25,2334718555.0
2013-08-26,2337500614.0
2013-08-27,2338137000.0
2013-08-28,2338835040.0
2013-08-29,2339581766.0
2013-08-30,2340323652.0
2013-08-31,2340906257.0
2013-09-01,2341196833.0
2013-09-02,2341436966.0
2013-09-03,2585220461.0
2013-09-04,2401217483.0
2013-09-05,2334941989.0
2013-09-06,2343891624.0
2013-09-07,2344532357.0
2013-09-08,2344927267.0
2013-09-09,2345331652.0
2013-09-10,2346149436.0
2013-09-11,2336961989.0
2013-09-12,2435431121.0
2013-09-13,2397840186.0
2013-09-14,2175132927.0
2013-09-15,2349812549.0
2013-09-16,2437868121.0
2013-09-17,2331907879.0
2013-09-18,2351907418.0
2013-09-19,2352770421.0
2013-09-20,2446343080.0
2013-09-21,2354364562.0
2013-09-22,2354799568.0
2013-09-23,2447974304.0
2013-09-24,2356054954.0
2013-09-25,2356920920.0
2013-09-26,2357781310.0
2013-09-27,2358638716.0
2013-09-28,2359355093.0
2013-09-29,2359751127.0
2013-09-30,2360145125.0
2013-10-01,2453872726.0
2013-10-02,2547682401.0
2013-10-03,2362670995.0
2013-10-04,2363537388.0
2013-10-05,2364277623.0
2013-10-06,2336433673.0
2013-10-07,2365109498.0
2013-10-08,2365926937.0
2013-10-09,2366788891.0
2013-10-10,2367658860.0
2013-10-11,2368528058.0
2013-10-12,2369244081.0
2013-10-13,2369614560.0
2013-10-14,2369952766.0
2013-10-15,2463762733.0
2013-10-16,2403918031.0
2013-10-17,2372279878.0
2013-10-18,2373160150.0
2013-10-19,2373909888.0
2013-10-20,2374300553.0
2013-10-21,2374682581.0
2013-10-22,2417721208.0
2013-10-23,2389027418.0
2013-10-24,3591258575.0
2013-10-25,2378130914.0
2013-10-26,2378885095.0
2013-10-27,2379316763.0
2013-10-28,2379724277.0
2013-10-29,2380540562.0
2013-10-30,2360487202.0
2013-10-31,2373000551.0
2013-11-01,2457419782.0
2013-11-02,2383879715.0
2013-11-03,2384301632.0
2013-11-04,2375518846.0
2013-11-05,2379160494.0
2013-11-06,2386342501.0
2013-11-07,2480883699.0
2013-11-08,2388096198.0
2013-11-09,2388175544.0
2013-11-10,2389306852.0
2013-11-11,2389683113.0
2013-11-12,2390414286.0
2013-11-13,2297645930.0
2013-11-14,2812036291.0
2013-11-15,2393023913.0
2013-11-16,2393782792.0
2013-11-17,2394244508.0
2013-11-18,2582394359.0
2013-11-19,2335370564.0
2013-11-20,2396293798.0
2013-11-21,2397158288.0
2013-11-22,2398025783.0
2013-11-23,2398752391.0
2013-11-24,2399180535.0
2013-11-25,2399559851.0
2013-11-26,2400364838.0
2013-11-27,2395470074.0
2013-11-28,2396933097.0
2013-11-29,2402013136.0
2013-11-30,2402380235.0
2013-12-01,2402715727.0
2013-12-02,2403064264.0
2013-12-03,2396406140.0
2013-12-04,2404665968.0
2013-12-05,2405525075.0
2013-12-06,2406388114.0
2013-12-07,2407170764.0
2013-12-08,2407645734.0
2013-12-09,2408061639.0
2013-12-10,2408856649.0
2013-12-11,2396310248.0
2013-12-12,2463105423.0
2013-12-13,2532384815.0
2013-12-14,2412245427.0
2013-12-15,2412729471.0
2013-12-16,2413145408.0
2013-12-17,2493376471.0
2013-12-18,2414735465.0
2013-12-19,2405013205.0
2013-12-20,2416397161.0
2013-12-21,2417104286.0
2013-12-22,2412562003.0
2013-12-23,2417876410.0
2013-12-24,2461890777.0
2013-12-25,2418807762.0
2013-12-26,2418995242.0
2013-12-27,2419434487.0
2013-12-28,2419913235.0
2013-12-29,2230753009.0
2013-12-30,2715620380.0
2013-12-31,2481795059.0
2014-01-01,2421608071.0
2014-01-02,2480507984.0
2014-01-03,2421811050.0
2014-01-04,2422945928.0
2014-01-05,2423306769.0
2014-01-06,2518302616.0
2014-01-07,2044648683.0
2014-01-08,2470358527.0
2014-01-09,2425749525.0
2014-01-10,2458441446.0
2014-01-11,2427198902.0
2014-01-12,2427566465.0
2014-01-13,2473330468.0
2014-01-14,2414810498.0
2014-01-15,2379721796.0
2014-01-16,2430151443.0
2014-01-17,2430919962.0
2014-01-18,2431607257.0
2014-01-19,2382261899.0
2014-01-20,2432311983.0
2014-01-21,2432805636.0
2014-01-22,2797675352.0
2014-01-23,2429958355.0
2014-01-24,2495970989.0
2014-01-25,2424956311.0
2014-01-26,2375036432.0
2014-01-27,2436424609.0
2014-01-28,2437208686.0
2014-01-29,2435633321.0
2014-01-30,2438871811.0
2014-01-31,2439708888.0
2014-02-01,2440428502.0
2014-02-02,2122695652.0
2014-02-03,1804825417.0
2014-02-04,2392064050.0
2014-02-05,2442774188.0
2014-02-06,2443519472.0
2014-02-07,2253032196.0
2014-02-08,2445169032.0
2014-02-09,2124572681.0
2014-02-10,2155897863.0
2014-02-11,2429582676.0
2014-02-12,2476217475.0
2014-02-13,2434057793.0
2014-02-14,2449016155.0
2014-02-15,2449714134.0
2014-02-16,2450111108.0
2014-02-17,2450444635.0
2014-02-18,2505752623.0
2014-02-19,2538206016.0
2014-02-20,2390918288.0
2014-02-21,2268577970.0
2014-02-22,2269282054.0
2014-02-23,2269721326.0
2014-02-24,2283868242.0
2014-02-25,2263358190.0
2014-02-26,2062497619.0
2014-02-27,1785462296.0
2014-02-28,1735881707.0
2014-03-01,2057612250.0
2014-03-02,2098391780.0
2014-03-03,2229643749.0
2014-03-04,2640765974.0
2014-03-05,2397904265.0
2014-03-06,2322805892.0
2014-03-07,2278247952.0
2014-03-08,2270513813.0
2014-03-09,2228592470.0
2014-03-10,2229009778.0
2014-03-11,2228548598.0
2014-03-12,2223103476.0
2014-03-13,2223944111.0
2014-03-14,2224785619.0
2014-03-15,2225497991.0
2014-03-16,2794328694.0
2014-03-17,2794700754.0
2014-03-18,2742444243.0
2014-03-19,2796298915.0
2014-03-20,2797133239.0
2014-03-21,2797964237.0
2014-03-22,2798670629.0
2014-03-23,2799087127.0
2014-03-24,2799483993.0
2014-03-25,2800262086.0
2014-03-26,2791538740.0
2014-03-27,2817484182.0
2014-03-28,3417865363.0
2014-03-29,2803450748.0
2014-03-30,2803867817.0
2014-03-31,2804271718.0
2014-04-01,2805059928.0
2014-04-02,2805885514.0
2014-04-03,2806714154.0
2014-04-04,2807575373.0
2014-04-05,2808317867.0
2014-04-06,2591424321.0
2014-04-07,2809193216.0
2014-04-08,2809989833.0
2014-04-09,2810815005.0
2014-04-10,2790478995.0
2014-04-11,2812500028.0
2014-04-12,2813209838.0
2014-04-13,2813561671.0
2014-04-14,2813899378.0
2014-04-15,2814557625.0
2014-04-16,2848691085.0
2014-04-17,2815979764.0
2014-04-18,2816741164.0
2014-04-19,2817353468.0
2014-04-20,2817737984.0
2014-04-21,2818092408.0
2014-04-22,2818776220.0
2014-04-23,2819534370.0
2014-04-24,2820392294.0
2014-04-25,2835576256.0
2014-04-26,2822015050.0
2014-04-27,2822459285.0
2014-04-28,2822884741.0
2014-04-29,2920377822.0
2014-04-30,2824542713.0
2014-05-01,2825387466.0
2014-05-02,2767669059.0
2014-05-03,2741004161.0
2014-05-04,2795677672.0
2014-05-05,2796096954.0
2014-05-06,2796907049.0
2014-05-07,2909012410.0
2014-05-08,2895464265.0
2014-05-09,2799439406.0
2014-05-10,2800161316.0
2014-05-11,2800528208.0
2014-05-12,2906899312.0
2014-05-13,2780140281.0
2014-05-14,2817000055.0
2014-05-15,2377640871.0
2014-05-16,2399849647.0
2014-05-17,1925793155.0
2014-05-18,1721164993.0
2014-05-19,2805832319.0
2014-05-20,2806612941.0
2014-05-21,2807433342.0
2014-05-22,2808251710.0
2014-05-23,2809080021.0
2014-05-24,2809728725.0
2014-05-25,2810081332.0
2014-05-26,2590619018.0
2014-05-27,2810762685.0
2014-05-28,2811495845.0
2014-05-29,2894299405.0
2014-05-30,2909082702.0
2014-05-31,2813781637.0
2014-06-01,2814184087.0
2014-06-02,2896777884.0
2014-06-03,3032595009.0
2014-06-04,4119573912.0
2014-06-05,4120379128.0
2014-06-06,4121178212.0
2014-06-07,4100501910.0
2014-06-08,4122292669.0
2014-06-09,4163967764.0
2014-06-10,4490243461.0
2014-06-11,4289352990.0
2014-06-12,4119757161.0
2014-06-13,4232923567.0
2014-06-14,4105200638.0
2014-06-15,4074975338.0
2014-06-16,4124289860.0
2014-06-17,4120473145.0
2014-06-18,4235053993.0
2014-06-19,4129657941.0
2014-06-20,4130464822.0
2014-06-21,4131142954.0
2014-06-22,4131503022.0
2014-06-23,4131876151.0
2014-06-24,4132608577.0
2014-06-25,4133383414.0
2014-06-26,4342154345.0
2014-06-27,4100622380.0
2014-06-28,3916118877.0
2014-06-29,4136081446.0
2014-06-30,4205365951.0
2014-07-01,4137230951.0
2014-07-02,4137954201.0
2014-07-03,4138692351.0
2014-07-04,4139283200.0
2014-07-05,4139557585.0
2014-07-06,4139855101.0
2014-07-07,4140207980.0
2014-07-08,4192586023.0
2014-07-09,4141639892.0
2014-07-10,4142401568.0
2014-07-11,4143173666.0
2014-07-12,4143816746.0
2014-07-13,4144196944.0
2014-07-14,4250894159.0
2014-07-15,4093199500.0
2014-07-16,4146021799.0
2014-07-17,4146785921.0
2014-07-18,4147554230.0
2014-07-19,4148194689.0
2014-07-20,4148546999.0
2014-07-21,4106900661.0
2014-07-22,4201483593.0
2014-07-23,4150390058.0
2014-07-24,4180412792.0
2014-07-25,4221412962.0
2014-07-26,4148523948.0
2014-07-27,4152959205.0
2014-07-28,4046954607.0
2014-07-29,4258387490.0
2014-07-30,4154814282.0
2014-07-31,4155594013.0
2014-08-01,4156363153.0
2014-08-02,4156991933.0
2014-08-03,4157353485.0
2014-08-04,4157723755.0
2014-08-05,4307158534.0
2014-08-06,4201480159.0
2014-08-07,4200478666.0
2014-08-08,4245401681.0
2014-08-09,4161269561.0
2014-08-10,4161577372.0
2014-08-11,4161927887.0
2014-08-12,4359404585.0
2014-08-13,4269770177.0
2014-08-14,4164019797.0
2014-08-15,4207229897.0
2014-08-16,4265638003.0
2014-08-17,4165675170.0
2014-08-18,4166025057.0
2014-08-19,4181978440.0
2014-08-20,4184920670.0
2014-08-21,4253247709.0
2014-08-22,4253970948.0
2014-08-23,4169345878.0
2014-08-24,4169693917.0
2014-08-25,4170058057.0
2014-08-26,4156746516.0
2014-08-27,4171392510.0
2014-08-28,4187483993.0
2014-08-29,4172847358.0
2014-08-30,3846350727.0
2014-08-31,4173758751.0
2014-09-01,4174024995.0
2014-09-02,4174389212.0
2014-09-03,4295958051.0
2014-09-04,4175977901.0
2014-09-05,4176844421.0
2014-09-06,4177556102.0
2014-09-07,4177901600.0
2014-09-08,4221173818.0
2014-09-09,4179098231.0
2014-09-10,4455887049.0
2014-09-11,4223786029.0
2014-09-12,4608133446.0
2014-09-13,4182410181.0
2014-09-14,4081817097.0
2014-09-15,4183225290.0
2014-09-16,4260206770.0
2014-09-17,4181513362.0
2014-09-18,4163969543.0
2014-09-19,4186694046.0
2014-09-20,4239986360.0
2014-09-21,4187908319.0
2014-09-22,4188368966.0
2014-09-23,4189213728.0
2014-09-24,4268805339.0
2014-09-25,4234103952.0
2014-09-26,3450971547.0
2014-09-27,2550330670.0
2014-09-28,2550697231.0
2014-09-29,2594376627.0
2014-09-30,2551809322.0
2014-10-01,2588199818.0
2014-10-02,2596772416.0
2014-10-03,2554185753.0
2014-10-04,2554843867.0
2014-10-05,2555202259.0
2014-10-06,2599052489.0
2014-10-07,2665056368.0
2014-10-08,2557095374.0
2014-10-09,2654155053.0
2014-10-10,4771538864.0
2014-10-11,4198027805.0
2014-10-12,4172408546.0
2014-10-13,4772479642.0
2014-10-14,4193156517.0
2014-10-15,4193998322.0
2014-10-16,4210685520.0
2014-10-17,3682699119.0
2014-10-18,3497048527.0
2014-10-19,4196859277.0
2014-10-20,4469452826.0
2014-10-21,4304914201.0
2014-10-22,4198941573.0
2014-10-23,4199825181.0
2014-10-24,4152516091.0
2014-10-25,4200490853.0
2014-10-26,4147512844.0
2014-10-27,4218114855.0
2014-10-28,4270032864.0
2014-10-29,4203836738.0
2014-10-30,4304472123.0
2014-10-31,4110282021.0
2014-11-01,4206335306.0
2014-11-02,3989382911.0
2014-11-03,4279164437.0
2014-11-04,4226419012.0
2014-11-05,4208647639.0
2014-11-06,4209501549.0
2014-11-07,4210364542.0
2014-11-08,4211124536.0
2014-11-09,4211516127.0
2014-11-10,4211867672.0
2014-11-11,4212654120.0
2014-11-12,4257666719.0
2014-11-13,4258545022.0
2014-11-14,4250012936.0
2014-11-15,3943302165.0
2014-11-16,4216395509.0
2014-11-17,4216799954.0
2014-11-18,4217604018.0
2014-11-19,4218482231.0
2014-11-20,4492092245.0
2014-11-21,4220262495.0
2014-11-22,1642449675.0
2014-11-23,1126926549.0
2014-11-24,1127068729.0
2014-11-25,1127321016.0
2014-11-26,1127586286.0
2014-11-27,1127798646.0
2014-11-28,1127888433.0
2014-11-29,1128029979.0
2014-11-30,1128175805.0
2014-12-01,1128313592.0
2014-12-02,1128565949.0
2014-12-03,940701117.0
2014-12-04,1173765138.0
2014-12-05,1129408137.0
2014-12-06,3712096232.0
2014-12-07,4229018545.0
2014-12-08,4229442270.0
2014-12-09,4230251287.0
2014-12-10,4231066338.0
2014-12-11,4285450439.0
2014-12-12,4433828144.0
2014-12-13,4233594550.0
2014-12-14,4234117722.0
2014-12-15,4234546020.0
2014-12-16,4235341579.0
2014-12-17,4782188047.0
2014-12-18,4236972617.0
2014-12-19,4237816255.0
2014-12-20,4165715814.0
2014-12-21,3801866182.0
2014-12-22,4513307315.0
2014-12-23,3875763780.0
2014-12-24,4318850714.0
2014-12-25,4101747653.0
2014-12-26,5149238810.0
2014-12-27,4217640389.0
2014-12-28,4229817356.0
2014-12-29,4402558396.0
2014-12-30,4557579949.0
2014-12-31,4231276004.0
2015-01-01,4188622855.0
2015-01-02,4248548332.0
2015-01-03,4232522893.0
2015-01-04,4232819635.0
2015-01-05,4839259671.0
2015-01-06,4523542688.0
2015-01-07,4234488904.0
2015-01-08,4336055099.0
2015-01-09,4235933135.0
2015-01-10,3963287147.0
2015-01-11,4236930551.0
2015-01-12,4517848241.0
2015-01-13,4237932582.0
2015-01-14,4282045393.0
2015-01-15,4239402845.0
2015-01-16,4106047395.0
2015-01-17,3967404838.0
2015-01-18,4241119223.0
2015-01-19,4204392514.0
2015-01-20,4241831413.0
2015-01-21,4259203590.0
2015-01-22,4243284376.0
2015-01-23,4244030097.0
2015-01-24,4244705326.0
2015-01-25,4245014689.0
2015-01-26,4363223430.0
2015-01-27,4245845124.0
2015-01-28,4519635293.0
2015-01-29,4246905316.0
2015-01-30,3974161382.0
2015-01-31,3919840290.0
2015-02-01,4248828657.0
2015-02-02,4249182669.0
2015-02-03,4266648131.0
2015-02-04,4250725705.0
2015-02-05,4243549418.0
2015-02-06,4938125414.0
2015-02-07,4952077234.0
2015-02-08,4999223020.0
2015-02-09,5014793103.0
2015-02-10,5052743170.0
2015-02-11,4742602415.0
2015-02-12,5037047381.0
2015-02-13,5017991454.0
2015-02-14,5018710001.0
2015-02-15,5019066595.0
2015-02-16,5019332432.0
2015-02-17,4964973645.0
2015-02-18,5191331293.0
2015-02-19,5021270242.0
2015-02-20,5022054500.0
2015-02-21,5022703439.0
2015-02-22,5023045502.0
2015-02-23,4883974061.0
2015-02-24,5024151666.0
2015-02-25,5024954343.0
2015-02-26,5025770586.0
2015-02-27,15464520170.0
2015-02-28,36895801434.0
2015-03-01,36896182967.0
2015-03-02,36896518035.0
2015-03-03,37004684295.0
2015-03-04,36897931542.0
2015-03-05,36898652305.0
2015-03-06,36899324120.0
2015-03-07,36899980435.0
2015-03-08,36900372685.0
2015-03-09,38807911945.0
2015-03-10,40701782136.0
2015-03-11,37073410957.0
2015-03-12,36902935213.0
2015-03-13,36923916460.0
2015-03-14,36904309842.0
2015-03-15,36904593051.0
2015-03-16,36830063799.0
2015-03-17,36922705500.0
2015-03-18,36906301425.0
2015-03-19,36907024563.0
2015-03-20,33106161052.0
2015-03-21,36908354805.0
2015-03-22,36908678909.0
2015-03-23,36908997334.0
2015-03-24,37081107553.0
2015-03-25,29480619645.0
2015-03-26,36911122219.0
2015-03-27,29230360973.0
2015-03-28,36912484393.0
2015-03-29,36912821281.0
2015-03-30,36913153877.0
2015-03-31,36968574505.0
2015-04-01,36914578172.0
2015-04-02,36915312347.0
2015-04-03,36916030714.0
2015-04-04,36916536789.0
2015-04-05,36916817267.0
2015-04-06,37073173207.0
2015-04-07,36878578427.0
2015-04-08,29332354515.0
2015-04-09,39028392534.0
2015-04-10,36874763458.0
2015-04-11,36881079987.0
2015-04-12,36881420143.0
2015-04-13,36919716010.0
2015-04-14,27234218459.0
2015-04-15,25559869856.0
2015-04-16,29381170776.0
2015-04-17,25600573700.0
2015-04-18,25601242722.0
2015-04-19,25601609794.0
2015-04-20,25547001082.0
2015-04-21,25602715344.0
2015-04-22,25603517782.0
2015-04-23,25604337753.0
2015-04-24,25660199437.0
2015-04-25,25605867488.0
2015-04-26,25606195179.0
2015-04-27,25714315099.0
2015-04-28,25607277346.0
2015-04-29,25608057757.0
2015-04-30,25608866862.0
2015-05-01,25609684452.0
2015-05-02,25610378144.0
2015-05-03,25610730792.0
2015-05-04,25611098063.0
2015-05-05,25611860885.0
2015-05-06,25612655652.0
2015-05-07,25613457006.0
2015-05-08,25614273094.0
2015-05-09,25614954000.0
2015-05-10,25578730399.0
2015-05-11,25615617299.0
2015-05-12,25616373733.0
2015-05-13,25617176443.0
2015-05-14,33393241896.0
2015-05-15,25618836201.0
2015-05-16,25619553910.0
2015-05-17,25619929726.0
2015-05-18,25620309386.0
2015-05-19,25602828233.0
2015-05-20,25621863871.0
2015-05-21,25622669325.0
2015-05-22,25623456950.0
2015-05-23,25624076495.0
2015-05-24,25624418354.0
2015-05-25,25624693700.0
2015-05-26,25701200995.0
2015-05-27,25621031948.0
2015-05-28,25623389081.0
2015-05-29,25624153296.0
2015-05-30,25624818530.0
2015-05-31,25625173741.0
2015-06-01,25625535562.0
2015-06-02,25626259607.0
2015-06-03,29428715314.0
2015-06-04,25627807264.0
2015-06-05,25628590509.0
2015-06-06,25629255865.0
2015-06-07,25629650575.0
2015-06-08,25630052695.0
2015-06-09,25630774803.0
2015-06-10,25456932110.0
2015-06-11,29434137030.0
2015-06-12,25633114762.0
2015-06-13,25633780994.0
2015-06-14,29436025817.0
2015-06-15,25505351075.0
2015-06-16,25848271888.0
2015-06-17,25636054793.0
2015-06-18,29654514288.0
2015-06-19,25637614590.0
2015-06-20,17941208888.0
2015-06-21,25638605904.0
2015-06-22,25747041003.0
2015-06-23,22034382295.0
2015-06-24,25640385953.0
2015-06-25,25422329481.0
2015-06-26,26074320759.0
2015-06-27,34967931426.0
2015-06-28,36829891345.0
2015-06-29,36833822147.0
2015-06-30,36823832558.0
2015-07-01,36828651281.0
2015-07-02,36835962619.0
2015-07-03,36836588626.0
2015-07-04,36836936889.0
2015-07-05,36837196604.0
2015-07-06,40567649790.0
2015-07-07,37011116105.0
2015-07-08,36831508999.0
2015-07-09,36839641901.0
2015-07-10,36833817958.0
2015-07-11,36841030470.0
2015-07-12,36841373476.0
2015-07-13,36949896085.0
2015-07-14,36842381723.0
2015-07-15,36843069809.0
2015-07-16,36843772570.0
2015-07-17,42175167397.0
2015-07-18,36845081547.0
2015-07-19,36845402603.0
2015-07-20,36845737520.0
2015-07-21,38711476494.0
2015-07-22,36847061728.0
2015-07-23,36847763400.0
2015-07-24,36848460269.0
2015-07-25,36849027982.0
2015-07-26,36810039841.0
2015-07-27,36849673022.0
2015-07-28,36906420157.0
2015-07-29,38557169858.0
2015-07-30,40654117477.0
2015-07-31,36852312035.0
2015-08-01,36852877991.0
2015-08-02,36853175320.0
2015-08-03,36853486417.0
2015-08-04,36854107136.0
2015-08-05,36849357761.0
2015-08-06,36855433595.0
2015-08-07,36856099457.0
2015-08-08,36856654896.0
2015-08-09,36856984024.0
2015-08-10,36965640594.0
2015-08-11,36914198992.0
2015-08-12,36914026105.0
2015-08-13,36859221390.0
2015-08-14,36859884152.0
2015-08-15,36860441597.0
2015-08-16,36860756939.0
2015-08-17,36861069640.0
2015-08-18,39074287051.0
2015-08-19,36862236873.0
2015-08-20,36831658870.0
2015-08-21,38728711903.0
2015-08-22,36863992155.0
2015-08-23,36864309720.0
2015-08-24,36864629034.0
2015-08-25,36865200415.0
2015-08-26,36865814915.0
2015-08-27,36866459465.0
2015-08-28,36867133537.0
2015-08-29,36867679892.0
2015-08-30,36867958904.0
2015-08-31,37042223581.0
2015-09-01,38734239320.0
2015-09-02,36869611677.0
2015-09-03,36761872425.0
2015-09-04,37045054687.0
2015-09-05,36851583868.0
2015-09-06,36871837973.0
2015-09-07,37085996004.0
2015-09-08,36872430616.0
2015-09-09,36873155790.0
2015-09-10,36818362790.0
2015-09-11,36859070050.0
2015-09-12,36875473892.0
2015-09-13,36875842957.0
2015-09-14,38801669292.0
2015-09-15,36916851989.0
2015-09-16,36877474019.0
2015-09-17,36878286975.0
2015-09-18,37027758603.0
2015-09-19,36879782198.0
2015-09-20,36880175976.0
2015-09-21,36880565572.0
2015-09-22,36881320079.0
2015-09-23,36904819742.0
2015-09-24,37057131548.0
2015-09-25,36883471258.0
2015-09-26,36884160958.0
2015-09-27,36884556037.0
2015-09-28,36884939619.0
2015-09-29,36870114381.0
2015-09-30,36886496408.0
2015-10-01,36887313374.0
2015-10-02,36888138795.0
2015-10-03,36888817218.0
2015-10-04,36889199511.0
2015-10-05,36889588190.0
2015-10-06,36882373868.0
2015-10-07,36891075286.0
2015-10-08,36891858616.0
2015-10-09,36839555963.0
2015-10-10,36893299023.0
2015-10-11,36872519797.0
2015-10-12,36893999947.0
2015-10-13,36894565444.0
2015-10-14,36895323265.0
2015-10-15,36896101092.0
2015-10-16,36896887933.0
2015-10-17,36897549110.0
2015-10-18,36897925547.0
2015-10-19,33253706261.0
2015-10-20,36945373587.0
2015-10-21,36848677018.0
2015-10-22,36849456824.0
2015-10-23,36827436483.0
2015-10-24,36819854469.0
2015-10-25,36851286884.0
2015-10-26,36851641021.0
2015-10-27,36839694511.0
2015-10-28,38736007348.0
2015-10-29,36905050394.0
2015-10-30,40765569637.0
2015-10-31,36906538388.0
2015-11-01,36906962547.0
2015-11-02,36907337933.0
2015-11-03,36908061747.0
2015-11-04,36908797527.0
2015-11-05,36909567955.0
2015-11-06,37127927875.0
2015-11-07,36911024459.0
2015-11-08,36911429959.0
2015-11-09,36911802562.0
2015-11-10,36969773435.0
2015-11-11,36913286843.0
2015-11-12,36914004643.0
2015-11-13,36909728612.0
2015-11-14,36915464916.0
2015-11-15,36915888819.0
2015-11-16,36956996943.0
2015-11-17,36916996029.0
2015-11-18,36917766400.0
2015-11-19,36918537175.0
2015-11-20,36919335912.0
2015-11-21,36920012351.0
2015-11-22,36920383358.0
2015-11-23,36920723943.0
2015-11-24,13933266525.0
2015-11-25,38788253762.0
2015-11-26,36922760225.0
2015-11-27,36922955652.0
2015-11-28,36923277797.0
2015-11-29,36923579294.0
2015-11-30,36883022421.0
2015-12-01,36924605849.0
2015-12-02,36925359022.0
2015-12-03,40730586082.0
2015-12-04,44535854467.0
2015-12-05,25432709441.0
2015-12-06,36928015372.0
2015-12-07,36928394044.0
2015-12-08,48408273997.0
2015-12-09,50246815812.0
2015-12-10,44560718967.0
2015-12-11,36952347009.0
2015-12-12,36908274070.0
2015-12-13,36932603116.0
2015-12-14,40737638727.0
2015-12-15,36933707534.0
2015-12-16,36934431700.0
2015-12-17,36799914874.0
2015-12-18,36127838332.0
2015-12-19,36128525363.0
2015-12-20,36128935108.0
2015-12-21,36129302306.0
2015-12-22,36129955224.0
2015-12-23,40014605254.0
2015-12-24,39935939848.0
2015-12-25,36131427465.0
2015-12-26,36131573296.0
2015-12-27,36131826998.0
2015-12-28,39978619694.0
2015-12-29,36117066981.0
2015-12-30,36248677997.0
2015-12-31,36133606847.0
2016-01-01,30344431635.0
2016-01-02,18889261484.0
2016-01-03,36093292808.0
2016-01-04,36134875218.0
2016-01-05,43704012580.0
2016-01-06,36193993947.0
2016-01-07,36136795362.0
2016-01-08,36137468122.0
2016-01-09,36138068596.0
2016-01-10,36138410266.0
2016-01-11,36138709091.0
2016-01-12,36139347355.0
2016-01-13,36140018639.0
2016-01-14,38007090348.0
2016-01-15,36141388958.0
2016-01-16,36141995124.0
2016-01-17,36109883850.0
2016-01-18,36140323808.0
2016-01-19,36143053043.0
2016-01-20,45548868623.0
2016-01-21,22714335981.0
2016-01-22,36929350361.0
2016-01-23,36649013596.0
2016-01-24,30405403679.0
2016-01-25,36154639466.0
2016-01-26,39960321356.0
2016-01-27,39960872921.0
2016-01-28,36156204758.0
2016-01-29,36156748401.0
2016-01-30,19279540279.0
2016-01-31,36653303667.0
2016-02-01,40142617945.0
2016-02-02,36761543781.0
2016-02-03,41423971123.0
2016-02-04,36680396441.0
2016-02-05,44291917001.0
2016-02-06,36657244449.0
2016-02-07,36657613191.0
2016-02-08,36657942973.0
2016-02-09,36658606458.0
2016-02-10,36708556088.0
2016-02-11,36635434107.0
2016-02-12,36664063270.0
2016-02-13,36383954651.0
2016-02-14,36661787784.0
2016-02-15,19413243492.0
2016-02-16,36664460143.0
2016-02-17,36723428537.0
2016-02-18,36665796204.0
2016-02-19,50902233135.0
2016-02-20,36667103465.0
2016-02-21,36667485439.0
2016-02-22,36667835738.0
2016-02-23,36668513459.0
2016-02-24,36525602109.0
2016-02-25,37300176303.0
2016-02-26,36694541992.0
2016-02-27,36671322950.0
2016-02-28,36646832611.0
2016-02-29,36696872244.0
2016-03-01,36504313414.0
2016-03-02,36673429047.0
2016-03-03,36674169177.0
2016-03-04,36255019421.0
2016-03-05,36172243673.0
2016-03-06,36172610584.0
2016-03-07,36541213543.0
2016-03-08,36173632624.0
2016-03-09,36391385917.0
2016-03-10,36175112343.0
2016-03-11,30424692916.0
2016-03-12,18922967553.0
2016-03-13,36176863065.0
2016-03-14,36227302175.0
2016-03-15,36177919430.0
2016-03-16,41778728244.0
2016-03-17,36179415102.0
2016-03-18,36180168176.0
2016-03-19,36180812683.0
2016-03-20,36181217579.0
2016-03-21,36181588866.0
2016-03-22,36182283649.0
2016-03-23,36183010959.0
2016-03-24,39954929184.0
2016-03-25,36181488415.0
2016-03-26,36184968029.0
2016-03-27,36185349986.0
2016-03-28,36185699121.0
2016-03-29,36273027798.0
2016-03-30,36187112453.0
2016-03-31,39921827208.0
2016-04-01,36188597098.0
2016-04-02,36189226661.0
2016-04-03,36189628832.0
2016-04-04,36190007836.0
2016-04-05,36190719802.0
2016-04-06,36234953098.0
2016-04-07,93158304776.0
2016-04-08,36192943452.0
2016-04-09,36193589733.0
2016-04-10,36193948138.0
2016-04-11,36237886492.0
2016-04-12,36253952312.0
2016-04-13,36195757608.0
2016-04-14,36213661635.0
2016-04-15,36197269041.0
2016-04-16,36197922536.0
2016-04-17,36198319302.0
2016-04-18,41872755854.0
2016-04-19,43813308762.0
2016-04-20,36156400477.0
2016-04-21,36200923452.0
2016-04-22,36201667988.0
2016-04-23,36202265183.0
2016-04-24,36202573947.0
2016-04-25,40175202764.0
2016-04-26,36203476368.0
2016-04-27,36178470986.0
2016-04-28,36204762757.0
2016-04-29,36292174916.0
2016-04-30,36206004824.0
2016-05-01,36206374352.0
2016-05-02,36141001891.0
2016-05-03,36207425860.0
2016-05-04,36208170363.0
2016-05-05,36206239409.0
2016-05-06,36209682837.0
2016-05-07,36210316644.0
2016-05-08,36210649282.0
2016-05-09,36210976655.0
2016-05-10,36211669953.0
2016-05-11,36212404702.0
2016-05-12,36257303429.0
2016-05-13,36213900415.0
2016-05-14,36214552431.0
2016-05-15,36214943540.0
2016-05-16,43757398258.0
2016-05-17,40023425221.0
2016-05-18,36209172210.0
2016-05-19,39979281963.0
2016-05-20,36115862027.0
2016-05-21,36217480153.0
2016-05-22,36151197453.0
2016-05-23,36114436634.0
2016-05-24,36252469876.0
2016-05-25,36175155612.0
2016-05-26,36175842647.0
2016-05-27,36176520839.0
2016-05-28,36177045267.0
2016-05-29,36177343695.0
2016-05-30,36177592969.0
2016-05-31,36280102113.0
2016-06-01,36178522095.0
2016-06-02,36179183890.0
2016-06-03,36179858482.0
2016-06-04,36180433375.0
2016-06-05,36180753427.0
2016-06-06,36181069898.0
2016-06-07,36318267672.0
2016-06-08,36182405777.0
2016-06-09,36183116448.0
2016-06-10,36178488813.0
2016-06-11,36184438892.0
2016-06-12,36184802590.0
2016-06-13,36185172387.0
2016-06-14,36109832289.0
2016-06-15,36186488296.0
2016-06-16,36187193239.0
2016-06-17,36277537606.0
2016-06-18,35997851583.0
2016-06-19,36188807670.0
2016-06-20,36233984141.0
2016-06-21,36216114807.0
2016-06-22,38102940400.0
2016-06-23,43986651539.0
2016-06-24,36191801081.0
2016-06-25,36192389344.0
2016-06-26,36192733105.0
2016-06-27,36193123688.0
2016-06-28,36193760544.0
2016-06-29,36217016295.0
2016-06-30,35812953107.0
2016-07-01,36195741480.0
2016-07-02,36239939948.0
2016-07-03,32388426137.0
2016-07-04,36196702614.0
2016-07-05,36253854335.0
2016-07-06,36197587100.0
2016-07-07,36255092294.0
2016-07-08,36096522407.0
2016-07-09,36199442565.0
2016-07-10,36199750456.0
2016-07-11,36226677611.0
2016-07-12,36200706967.0
2016-07-13,43745035707.0
2016-07-14,38069748238.0
2016-07-15,36229303611.0
2016-07-16,36203177936.0
2016-07-17,32418033874.0
2016-07-18,36203801725.0
2016-07-19,36249761053.0
2016-07-20,36205059540.0
2016-07-21,36205728555.0
2016-07-22,36178025718.0
2016-07-23,36206919219.0
2016-07-24,36207206855.0
2016-07-25,36207516265.0
2016-07-26,36208120744.0
2016-07-27,36208765363.0
2016-07-28,36209426998.0
2016-07-29,36210081634.0
2016-07-30,36210619994.0
2016-07-31,36210908310.0
2016-08-01,36211208931.0
2016-08-02,36211798378.0
2016-08-03,36212431334.0
2016-08-04,36239977984.0
2016-08-05,36213717818.0
2016-08-06,36214243709.0
2016-08-07,36187585896.0
2016-08-08,36260618516.0
2016-08-09,36298532704.0
2016-08-10,36216023339.0
2016-08-11,38138550818.0
2016-08-12,36157015637.0
2016-08-13,36217782889.0
2016-08-14,36218069189.0
2016-08-15,36218359872.0
2016-08-16,36218922873.0
2016-08-17,36246560523.0
2016-08-18,36220109738.0
2016-08-19,35881133417.0
2016-08-20,36221191400.0
2016-08-21,36221455148.0
2016-08-22,36221475227.0
2016-08-23,36222271657.0
2016-08-24,36222847723.0
2016-08-25,36223444429.0
2016-08-26,36215089295.0
2016-08-27,36224562818.0
2016-08-28,36224812684.0
2016-08-29,36248145294.0
2016-08-30,36248752741.0
2016-08-31,36226326146.0
2016-09-01,36435544121.0
2016-09-02,36227584219.0
2016-09-03,36200814400.0
2016-09-04,36228335813.0
2016-09-05,36228578324.0
2016-09-06,36228880982.0
2016-09-07,36229535424.0
2016-09-08,36230236375.0
2016-09-09,36230992772.0
2016-09-10,36231599486.0
2016-09-11,36097055048.0
2016-09-12,36403539232.0
2016-09-13,36232920439.0
2016-09-14,36233652896.0
2016-09-15,36234405604.0
2016-09-16,36235153460.0
2016-09-17,36235770816.0
2016-09-18,36236096778.0
2016-09-19,36236371791.0
2016-09-20,36237039383.0
2016-09-21,38084094193.0
2016-09-22,36238523063.0
2016-09-23,36192816425.0
2016-09-24,36239910703.0
2016-09-25,36240302369.0
2016-09-26,40033635658.0
2016-09-27,47604066623.0
2016-09-28,38171066190.0
2016-09-29,36299986416.0
2016-09-30,36243547052.0
2016-10-01,36244184354.0
2016-10-02,36244515241.0
2016-10-03,38113130196.0
2016-10-04,36245383254.0
2016-10-05,43864750444.0
2016-10-06,36246751559.0
2016-10-07,36247479483.0
2016-10-08,36248094024.0
2016-10-09,36248435516.0
2016-10-10,36242188165.0
2016-10-11,36229613177.0
2016-10-12,36249874854.0
2016-10-13,36250485215.0
2016-10-14,36251222799.0
2016-10-15,36251879780.0
2016-10-16,36252240935.0
2016-10-17,36309821547.0
2016-10-18,36253263770.0
2016-10-19,36253989402.0
2016-10-20,36254724983.0
2016-10-21,36255459885.0
2016-10-22,36256079562.0
2016-10-23,36256454666.0
2016-10-24,36232918930.0
2016-10-25,36257511664.0
2016-10-26,36258257241.0
2016-10-27,36259016462.0
2016-10-28,36259786022.0
2016-10-29,36260433733.0
2016-10-30,36260780403.0
2016-10-31,36257814292.0
2016-11-01,36261824424.0
2016-11-02,36262555525.0
2016-11-03,36263289163.0
2016-11-04,36264030588.0
2016-11-05,36264685450.0
2016-11-06,36265078659.0
2016-11-07,36355934912.0
2016-11-08,36242446767.0
2016-11-09,36356077066.0
2016-11-10,36261789849.0
2016-11-11,36268259112.0
2016-11-12,36268888550.0
2016-11-13,36211951390.0
2016-11-14,36269678315.0
2016-11-15,36270368296.0
2016-11-16,38123027509.0
2016-11-17,36271844034.0
2016-11-18,36272600424.0
2016-11-19,36273256150.0
2016-11-20,36273673483.0
2016-11-21,36274033757.0
2016-11-22,36365601332.0
2016-11-23,36394627848.0
2016-11-24,36321443784.0
2016-11-25,36276168974.0
2016-11-26,36276467738.0
2016-11-27,36273340048.0
2016-11-28,36276965990.0
2016-11-29,36277624929.0
2016-11-30,36278336342.0
2016-12-01,36307432714.0
2016-12-02,36149259728.0
2016-12-03,36149907974.0
2016-12-04,36150346690.0
2016-12-05,36356931586.0
2016-12-06,36151408000.0
2016-12-07,36152162527.0
2016-12-08,36152914517.0
2016-12-09,36153683740.0
2016-12-10,36154376213.0
2016-12-11,36154833218.0
2016-12-12,36155216157.0
2016-12-13,36155899918.0
2016-12-14,36156600016.0
2016-12-15,36157338872.0
2016-12-16,36102490706.0
2016-12-17,36075864938.0
2016-12-18,36105186508.0
2016-12-19,36105560283.0
2016-12-20,36106230134.0
2016-12-21,36106896173.0
2016-12-22,36107522840.0
2016-12-23,36106072708.0
2016-12-24,36101497778.0
2016-12-25,36108735314.0
2016-12-26,36108878970.0
2016-12-27,36109150018.0
2016-12-28,36109591148.0
2016-12-29,36110078471.0
2016-12-30,36110548221.0
2016-12-31,36110998968.0
2017-01-01,36111308505.0
2017-01-02,36111533761.0
2017-01-03,36111865162.0
2017-01-04,36112456854.0
2017-01-05,36141872397.0
2017-01-06,36011232377.0
2017-01-07,35723344896.0
2017-01-08,36112618287.0
2017-01-09,36112902655.0
2017-01-10,36113512373.0
2017-01-11,36131984387.0
2017-01-12,36114782784.0
2017-01-13,36024691191.0
2017-01-14,36112464446.0
2017-01-15,36116309958.0
2017-01-16,36116553760.0
2017-01-17,37986065034.0
2017-01-18,38064201400.0
2017-01-19,36072189980.0
2017-01-20,36118892351.0
2017-01-21,36119467822.0
2017-01-22,36119787076.0
2017-01-23,36120068631.0
2017-01-24,36120660088.0
2017-01-25,30391656106.0
2017-01-26,36121906546.0
2017-01-27,36122546648.0
2017-01-28,36123121797.0
2017-01-29,36123427383.0
2017-01-30,36123720483.0
2017-01-31,36124371277.0
2017-02-01,36125058978.0
2017-02-02,36125757243.0
2017-02-03,24513054726.0
2017-02-04,36127072557.0
2017-02-05,30379913522.0
2017-02-06,36127719600.0
2017-02-07,36128383413.0
2017-02-08,36129094067.0
2017-02-09,36158990394.0
2017-02-10,36130194205.0
2017-02-11,36124189123.0
2017-02-12,36131224208.0
2017-02-13,36131552696.0
2017-02-14,36132184422.0
2017-02-15,38002235199.0
2017-02-16,36133642070.0
2017-02-17,36134366495.0
2017-02-18,36134982457.0
2017-02-19,36135357607.0
2017-02-20,36135669613.0
2017-02-21,36136094801.0
2017-02-22,36136757595.0
2017-02-23,36137436250.0
2017-02-24,36138114483.0
2017-02-25,36138707278.0
2017-02-26,30397903437.0
2017-02-27,30398240315.0
2017-02-28,36140085543.0
2017-03-01,35950367991.0
2017-03-02,36141490073.0
2017-03-03,49277651245.0
2017-03-04,36142854133.0
2017-03-05,36051360605.0
2017-03-06,36613320617.0
2017-03-07,36261673923.0
2017-03-08,35954272712.0
2017-03-09,36263091546.0
2017-03-10,36381245640.0
2017-03-11,36425926554.0
2017-03-12,36728721028.0
2017-03-13,36617439389.0
2017-03-14,36614799806.0
2017-03-15,36148537422.0
2017-03-16,30640447589.0
2017-03-17,13294477563.0
2017-03-18,36263532343.0
2017-03-19,36151065254.0
2017-03-20,34281859446.0
2017-03-21,24785578236.0
2017-03-22,36152829498.0
2017-03-23,36623310193.0
2017-03-24,36271699260.0
2017-03-25,36154856124.0
2017-03-26,36155244612.0
2017-03-27,38025256093.0
2017-03-28,34316374953.0
2017-03-29,36156977152.0
2017-03-30,40182524125.0
2017-03-31,36273820923.0
2017-04-01,36628793060.0
2017-04-02,36864037105.0
2017-04-03,36780199192.0
2017-04-04,36619515351.0
2017-04-05,36829602584.0
2017-04-06,36906952884.0
2017-04-07,36740221825.0
2017-04-08,36398066736.0
2017-04-09,36868173724.0
2017-04-10,36944569910.0
2017-04-11,36869061697.0
2017-04-12,36869665351.0
2017-04-13,36920384104.0
2017-04-14,36870910398.0
2017-04-15,36871418058.0
2017-04-16,36871718334.0
2017-04-17,36872005476.0
2017-04-18,38718803250.0
2017-04-19,38743060052.0
2017-04-20,36873956505.0
2017-04-21,36850394403.0
2017-04-22,36875330406.0
2017-04-23,36875728494.0
2017-04-24,36876095616.0
2017-04-25,36876794675.0
2017-04-26,36877549664.0
2017-04-27,36878290544.0
2017-04-28,36879050586.0
2017-04-29,36879687004.0
2017-04-30,36841777972.0
2017-05-01,36880441375.0
2017-05-02,36757411292.0
2017-05-03,36541169429.0
2017-05-04,36695265953.0
2017-05-05,36765817059.0
2017-05-06,36766420488.0
2017-05-07,36766804410.0
2017-05-08,36649737481.0
2017-05-09,36885314600.0
2017-05-10,36651151389.0
2017-05-11,36416988713.0
2017-05-12,36124757029.0
2017-05-13,36888090879.0
2017-05-14,36653515823.0
2017-05-15,40732674606.0
2017-05-16,45047067336.0
2017-05-17,44812902364.0
2017-05-18,45048514788.0
2017-05-19,45049273242.0
2017-05-20,44697586306.0
2017-05-21,45050281661.0
2017-05-22,44933213136.0
2017-05-23,44447384895.0
2017-05-24,44246958726.0
2017-05-25,44948610674.0
2017-05-26,45053420308.0
2017-05-27,45053950219.0
2017-05-28,45054214214.0
2017-05-29,45054434682.0
2017-05-30,45054722491.0
2017-05-31,45042792958.0
2017-06-01,45055996615.0
2017-06-02,45020193770.0
2017-06-03,32980661026.0
2017-06-04,21374136569.0
2017-06-05,44470717765.0
2017-06-06,43360000109.0
2017-06-07,45089898770.0
2017-06-08,45059899590.0
2017-06-09,45187339247.0
2017-06-10,45061150109.0
2017-06-11,45061497524.0
2017-06-12,45061850166.0
2017-06-13,46932740356.0
2017-06-14,45055087780.0
2017-06-15,45063832414.0
2017-06-16,45064522734.0
2017-06-17,45214870578.0
2017-06-18,45964099825.0
2017-06-19,45964453103.0
2017-06-20,45965079563.0
2017-06-21,46004681294.0
2017-06-22,45966410602.0
2017-06-23,45967081477.0
2017-06-24,45967650542.0
2017-06-25,45968014836.0
2017-06-26,45968440948.0
2017-06-27,45969051670.0
2017-06-28,45969698260.0
2017-06-29,45970355618.0
2017-06-30,44213800943.0
2017-07-01,45964602319.0
2017-07-02,45957974561.0
2017-07-03,45958250930.0
2017-07-04,45958597212.0
2017-07-05,45958914645.0
2017-07-06,45053225702.0
2017-07-07,45960111498.0
2017-07-08,45960628870.0
2017-07-09,45963247328.0
2017-07-10,45975106379.0
2017-07-11,46001379682.0
2017-07-12,45970169407.0
2017-07-13,46048427935.0
2017-07-14,45977684694.0
2017-07-15,45978230232.0
2017-07-16,45978560413.0
2017-07-17,45978893902.0
2017-07-18,45979505231.0
2017-07-19,46043961983.0
2017-07-20,45980819004.0
2017-07-21,46137269877.0
2017-07-22,45982012012.0
2017-07-23,45982305864.0
2017-07-24,45982615016.0
2017-07-25,45983218156.0
2017-07-26,46035854591.0
2017-07-27,45984525779.0
2017-07-28,45985170753.0
2017-07-29,45985704128.0
2017-07-30,45986008169.0
2017-07-31,46218365217.0
2017-08-01,46091122099.0
2017-08-02,46143902280.0
2017-08-03,45988174490.0
2017-08-04,49950167497.0
2017-08-05,45989326562.0
2017-08-06,45989611618.0
2017-08-07,45982608258.0
2017-08-08,45990490235.0
2017-08-09,45987546830.0
2017-08-10,43953123489.0
2017-08-11,45992348629.0
2017-08-12,45992861074.0
2017-08-13,45991010361.0
2017-08-14,45980545323.0
2017-08-15,53054768509.0
2017-08-16,45979199819.0
2017-08-17,46099976346.0
2017-08-18,46035436222.0
2017-08-19,45992907714.0
2017-08-20,45982925133.0
2017-08-21,45996836708.0
2017-08-22,45997365954.0
2017-08-23,45997940614.0
2017-08-24,45998525782.0
2017-08-25,45999102594.0
2017-08-26,46039267371.0
2017-08-27,45999875687.0
2017-08-28,46058660766.0
2017-08-29,46222881142.0
2017-08-30,46001398497.0
2017-08-31,40189729417.0
2017-09-01,44131839767.0
2017-09-02,46003138263.0
2017-09-03,46003434269.0
2017-09-04,46003671403.0
2017-09-05,47953546353.0
2017-09-06,47875477815.0
2017-09-07,47934708506.0
2017-09-08,46006049350.0
2017-09-09,46006661277.0
2017-09-10,45989774577.0
2017-09-11,45979871919.0
2017-09-12,46008105978.0
2017-09-13,47944127119.0
2017-09-14,47944867856.0
2017-09-15,46139100122.0
2017-09-16,46010871052.0
2017-09-17,46011177660.0
2017-09-18,46064399041.0
2017-09-19,46012203080.0
2017-09-20,46043005605.0
2017-09-21,46098369876.0
2017-09-22,47757740599.0
2017-09-23,7551661156.0
